{"cameraMode":{"drawMode":0,"name":"Shaded","section":"Shading Mode"},"sceneLighting":false,"audioPlay":false,"sceneViewState":{"m_AlwaysRefresh":false,"showFog":false,"showSkybox":false,"showFlares":false,"showImageEffects":false,"showParticleSystems":false,"showVisualEffectGraphs":true,"m_FxEnabled":true},"in2DMode":false,"pivot":{"x":1.867878794670105,"y":0.6845601201057434,"z":-1.4695050716400147},"rotation":{"x":0.0005760968197137117,"y":0.9994293451309204,"z":-0.02399115264415741,"w":0.02399110421538353},"size":5.37883186340332,"orthographic":false}