{"cameraMode":{"drawMode":0,"name":"Shaded","section":"Shading Mode"},"sceneLighting":false,"audioPlay":false,"sceneViewState":{"m_AlwaysRefresh":false,"showFog":false,"showSkybox":false,"showFlares":false,"showImageEffects":false,"showParticleSystems":false,"showVisualEffectGraphs":true,"m_FxEnabled":true},"in2DMode":false,"pivot":{"x":-0.1883906126022339,"y":2.2626471519470217,"z":1.4786746501922608},"rotation":{"x":0.0015371199697256089,"y":0.9984570145606995,"z":-0.041959501802921298,"w":0.03657100349664688},"size":4.75343656539917,"orthographic":false}