{"cameraMode":{"drawMode":0,"name":"Shaded","section":"Shading Mode"},"sceneLighting":false,"audioPlay":false,"sceneViewState":{"m_AlwaysRefresh":false,"showFog":false,"showSkybox":false,"showFlares":false,"showImageEffects":false,"showParticleSystems":false,"showVisualEffectGraphs":true,"m_FxEnabled":true},"in2DMode":false,"pivot":{"x":0.00881427526473999,"y":0.8935613632202148,"z":0.010741353034973145},"rotation":{"x":-0.0072913216426968578,"y":0.9877534508705139,"z":-0.1480817049741745,"w":-0.04863576218485832},"size":1.2725403308868409,"orthographic":false}